标题,排名,热度,类别
#中共中央政治局会议分析研究2024年经济工作#,置顶,0,置顶榜单
八年了 她终于红了,1,2159639,作品衍生
反差爆改终于轮到我们丫丫,2,621216,社会新闻
国家卫健委介绍冬季呼吸道疾病防治情况,3,90881,"国内时政,健康医疗"
垫底辣孩 P图思路大公开,4,1160524,美妆
学校将领导办公室改造成罕见病学生专属教室,5,227595,社会新闻
夹子音 刚满十八岁,6,939858,电影
导游建议游客买一朵菊花献烈士,7,94566,社会新闻
山东申论 轻舟已撞大桥,8,737819,"教育,社会新闻"
易烊千玺 酱园弄,9,540803,电影
缅北,10,528461,社会新闻
你接受杨丞琳的道歉吗,11,1680800,"演出,社会新闻"
主播陈一发儿疑似复出再被封,12,891214,"社会新闻,网红"
六年的感情比不过比赛的规则,13,507263,作品衍生
檀健次进口草莓,14,447735,剧集
刘若英 哪有什么四合院,15,445351,艺人
戴美瞳 脸大,16,438758,美妆
刘宇宁 作为演员颜值也应该重视,17,430309,剧集
刘强东内网回应员工提问,18,429980,互联网
林孝埈 二棒,19,382449,体育
吉祥航空,20,371233,社会新闻
泡了2年药酒的海马竟是塑料,21,447036,社会新闻
舒淇表情,22,360535,电影
行测不发草稿纸 申论补上,23,305283,"教育,社会新闻"
杨丞琳郑州演唱会门票曾打折出售,24,298588,"演出,社会新闻"
张雪峰,25,297494,"教育,社会新闻"
雪雪雪雪雪来了,26,291923,社会新闻
刘少林,27,273654,体育
吉祥航空回应外籍旅客优先登机,28,257946,社会新闻
羽绒服 预售,29,247407,"时尚,社会新闻"
警方最高悬赏50万通缉电诈头目,30,241273,社会新闻
当文慧心遇上文东恩,31,227419,剧集
马面裙 女装,32,224181,时尚
江苏申论 顶级折磨,33,221558,"教育,社会新闻"
张晶 战术,34,210227,体育
中国队5000米接力铜牌,35,197973,体育
张云雷终于见到了何洁,36,195687,作品衍生
王楚钦热身劈叉,37,175047,体育
刘若英北京四合院,38,173728,"艺人,旅游"
他燃烧了一整夜 却倒在了黎明前,39,171733,电影
这个杀手不太冷有望内地上映,40,159457,电影
初雪challenge,41,156611,音乐
逐渐离谱的卖鞋展示,42,153207,时尚
张本美和凑近跟张本智和说话,43,151235,体育
五月天演唱会存在部分观众票证不符,44,150631,"演出,社会新闻"
甄嬛传的饼来了,45,148020,"动漫,剧集"
于嘉谈詹姆斯夺冠,46,144106,体育
MCN公司还原浪胃仙游絮事件,47,143451,"社会新闻,网红"
许诗晴 理想身材,48,140818,剧集
范闲五年后成了高三班主任,49,139877,剧集
林俊杰演唱会回应舞蹈被恶搞配音,50,138615,演出
